Id,Name,Email,Gender,Status
5817115,Shahroz Final Test1,final6Dec@shahroz.com,female,active
5816865,Krishnadasa Deshpande,deshpande_krishnadasa@wiegand-champlin.test,female,inactive
5816862,Baalagopaal Naik,naik_baalagopaal@wehner.example,female,active
5816861,Tanushri Mehrotra,tanushri_mehrotra@rolfson-ondricka.test,male,active
5816860,Bhadraksh Verma IV,iv_bhadraksh_verma@hayes-hayes.example,female,inactive
5816858,Gajbaahu Namboothiri,gajbaahu_namboothiri@koss-casper.example,male,inactive
5816857,Dhatri Adiga,dhatri_adiga@kshlerin.example,male,inactive
5816856,Bhagavaan Adiga III,bhagavaan_adiga_iii@okeefe.example,male,inactive
5816855,Mahendra Guha PhD,phd_mahendra_guha@kovacek-macgyver.example,male,inactive
5816854,Vedanga Arora,arora_vedanga@schmidt-will.example,male,inactive
